date,left_price,right_price,spread,zscore,signal,left_shares,right_shares,cash,turnover,cost,equity,daily_pnl,traded
2025-01-02,71.69670867919922,162.0437774658203,-0.31954745877996515,,0.0,0.0,0.0,0.0,0.0,0.0,0.0,0.0,0
2025-01-03,74.33930969238281,168.16481018066406,-0.30969885987389034,,0.0,0.0,0.0,0.0,0.0,0.0,0.0,0.0,0
2025-01-06,77.17987823486328,175.50210571289062,-0.6250164932493334,,0.0,0.0,0.0,0.0,0.0,0.0,0.0,0.0,0
2025-01-07,76.72457885742188,175.83834838867188,-1.2249391324320982,,0.0,0.0,0.0,0.0,0.0,0.0,0.0,0.0,0
2025-01-08,76.24951171875,175.01759338378906,-1.3469866384208302,,0.0,0.0,0.0,0.0,0.0,0.0,0.0,0.0,0
2025-01-10,73.884033203125,169.73709106445312,-1.4412380788962054,,0.0,0.0,0.0,0.0,0.0,0.0,0.0,0.0,0
2025-01-13,73.68608093261719,168.95590209960938,-1.3031886926555103,,0.0,0.0,0.0,0.0,0.0,0.0,0.0,0.0,0
2025-01-14,74.28982543945312,171.7147979736328,-1.8860886805404107,,0.0,0.0,0.0,0.0,0.0,0.0,0.0,0.0,0
2025-01-15,75.36863708496094,176.39210510253906,-2.81906037448168,,0.0,0.0,0.0,0.0,0.0,0.0,0.0,0.0,0
2025-01-16,78.40715026855469,184.40182495117188,-3.225653638046154,,0.0,0.0,0.0,0.0,0.0,0.0,0.0,0.0,0
2025-01-17,79.47606658935547,189.9097442626953,-4.525780016509785,,0.0,0.0,0.0,0.0,0.0,0.0,0.0,0.0,0
2025-01-21,80.66374206542969,190.7206115722656,-3.686871319896298,,0.0,0.0,0.0,0.0,0.0,0.0,0.0,0.0,0
2025-01-22,82.39579010009766,193.3311920166016,-3.077674981613484,,0.0,0.0,0.0,0.0,0.0,0.0,0.0,0.0,0
2025-01-23,80.39652252197266,188.5747833251953,-3.031136394510341,,0.0,0.0,0.0,0.0,0.0,0.0,0.0,0.0,0
2025-01-24,78.86243438720703,184.6688232421875,-2.885209682488309,,0.0,0.0,0.0,0.0,0.0,0.0,0.0,0.0,0
2025-01-27,74.85397338867188,172.6245574951172,-1.713242606051324,,0.0,0.0,0.0,0.0,0.0,0.0,0.0,0.0,0
2025-01-28,73.74547576904297,170.92372131347656,-2.0901838409796767,,0.0,0.0,0.0,0.0,0.0,0.0,0.0,0.0,0
2025-01-29,74.37889862060547,173.32662963867188,-2.4902896420421,,0.0,0.0,0.0,0.0,0.0,0.0,0.0,0.0,0
2025-01-30,79.90164947509766,179.69485473632812,0.29338746761303014,,0.0,0.0,0.0,0.0,0.0,0.0,0.0,0.0,0
2025-01-31,80.21836853027344,178.3401641845703,1.1927802294805332,2.1618288269558783,-1.0,-0.6372459666338677,0.2740895099409312,2.2376635917318453,100.00000000000001,0.0,0.0,0.0,1
2025-02-03,79.36719512939453,176.80740356445312,1.0008712715668082,1.848093900203667,-1.0,-0.643439200352256,0.27675331714208057,2.258222345909599,0.9625204238407881,0.0,0.12229320939143662,0.12229320939143662,1
2025-02-04,79.09007263183594,176.57008361816406,0.8258238143904606,1.6132075753993342,-1.0,-0.6450129711163493,0.27743022069278994,2.263171073397409,0.24399056058818236,0.0,0.23492560526067763,0.11263239586924101,1
2025-02-05,81.09923553466797,178.65658569335938,1.9375493677137712,2.0127099708551626,-1.0,-0.633142841635718,0.2723246913640325,2.212649084853805,1.874794864609838,0.0,-0.48215179695435495,-0.7170774022150326,1
2025-02-06,81.9801025390625,180.7628326416016,1.9124864422449974,1.7497887001376726,-1.0,-0.6260602366506108,0.26927835159710134,2.1826814073902745,1.1312976883819887,0.0,-0.46628338510335254,0.015868411851002406,1
2025-02-07,81.4852294921875,177.9940185546875,2.6085238694034274,1.826515098420455,-1.0,-0.6327381681218168,0.2721506349228483,2.2155849342772718,1.0554020300416453,0.0,-0.9020447414678401,-0.43576135636448754,1
2025-02-10,82.87086486816406,181.61325073242188,2.4374705789962974,1.5454963136858513,-1.0,-0.6211736495524453,0.2671765536522751,2.1605823476055592,1.8617207245838188,0.0,-0.7938127958444241,0.10823194562341598,1
2025-02-11,82.40568542480469,181.15838623046875,2.1679355099566635,1.2881154621627267,-1.0,-0.6237339924050407,0.2682777973705454,2.1720696204478958,0.4104863425389159,0.0,-0.6263847133267078,0.16742808251771635,1
2025-02-12,80.7330322265625,178.87413024902344,1.4777767256708216,0.9065646896404531,-1.0,-0.6342376388584936,0.27279558086351463,2.2119462551126654,1.6561058205812975,0.0,-0.19590921941068729,0.43047549391602047,1
2025-02-13,82.4452896118164,182.21646118164065,1.752445023902979,0.9245188501070747,-1.0,-0.6218153159878306,0.26745254447533096,2.1613734310089256,1.997751189342868,0.0,-0.3701141923507336,-0.17420497294004633,1
2025-02-14,81.90092468261719,167.31439208984375,7.617694322710761,2.6161769934631987,-1.0,-0.6499183763632791,0.2795401126192855,2.4406159463192596,4.324090747010971,0.0,-4.017216038436295,-3.6471018460855618,1
2025-02-18,85.69161987304688,170.0832061767578,10.217479039107033,2.733253295377971,-1.0,-0.6295362765357196,0.27077345100695294,2.1851027101737714,3.2376370651299498,0.0,-5.706863900210628,-1.6896478617743327,1
2025-02-19,86.76054382324219,172.1202392578125,10.41024303199572,2.3014557925488544,-1.0,-0.621920850247319,0.2674979364196974,2.0881665383972003,1.2245008806783337,0.0,-5.828215826543932,-0.12135192633330405,1
2025-02-20,88.10658264160156,174.44940185546875,10.754472394680434,2.033708330528295,-1.0,-0.6129704047673794,0.2636482090870814,1.9711560045212546,1.4601757948389524,0.0,-6.042299244464907,-0.21408341792097474,1
2025-02-21,85.13736724853516,170.4551239013672,9.50325875341889,1.5479719676251622,-1.0,-0.6311027789496877,0.27144722832599005,2.185515813690975,2.8731253905243554,0.0,-5.275342312330338,0.7669569321345691,1
2025-02-24,82.48485565185547,167.0753631591797,8.304435393382079,1.1537270636237722,-1.0,-0.6478924859280855,0.27866874528916435,2.3638748010585426,2.5914341257326132,0.0,-4.518761558341303,0.7565807539890343,1
2025-02-25,79.4661636352539,164.07223510742188,6.577435971312212,0.6677185955980074,-1.0,-0.6665057644743426,0.286674609056473,2.529460677536118,2.79266580101329,0.0,-3.3998516095801037,1.1189099487611998,1
2025-02-26,80.46581268310547,167.01588439941406,6.310975174417322,0.5269973278514625,-1.0,-0.6565903224310021,0.28240982152888344,2.4438938361024567,1.5101413628255882,0.0,-3.222253952443232,0.1775976571368716,1
2025-02-27,75.38843536376953,155.2511444091797,6.293797506934993,0.44446001299846016,0.0,0.0,0.0,-3.210975262212398,93.34376506781754,0.0,-3.210975262212398,0.011278690230834165,1
2025-02-28,75.95258331298828,156.66847229003906,6.248330449341836,0.36294383274018266,0.0,0.0,0.0,-3.210975262212398,0.0,0.0,-3.210975262212398,0.0,0
2025-03-03,75.00244140625,150.78114318847656,7.830421358186655,0.7326673896139521,0.0,0.0,0.0,-3.210975262212398,0.0,0.0,-3.210975262212398,0.0,0
2025-03-04,75.65567779541016,151.5145721435547,8.168198421749608,0.7474266867916602,0.0,0.0,0.0,-3.210975262212398,0.0,0.0,-3.210975262212398,0.0,0
2025-03-05,78.47500610351562,153.94285583496094,9.94308373323507,1.1662686271213598,0.0,0.0,0.0,-3.210975262212398,0.0,0.0,-3.210975262212398,0.0,0
2025-03-06,75.91377258300781,150.19638061523438,8.993268112168721,0.7905238507059108,0.0,0.0,0.0,-3.210975262212398,0.0,0.0,-3.210975262212398,0.0,0
2025-03-07,78.43531036376953,154.29965209960938,9.749924310002953,0.936058310393065,0.0,0.0,0.0,-3.210975262212398,0.0,0.0,-3.210975262212398,0.0,0
2025-03-10,73.27312469482422,148.6601104736328,7.013394167322446,-0.025763046091927783,0.0,0.0,0.0,-3.210975262212398,0.0,0.0,-3.210975262212398,0.0,0
2025-03-11,72.8263931274414,145.6867218017578,7.845563819578707,0.1789141142996491,0.0,0.0,0.0,-3.210975262212398,0.0,0.0,-3.210975262212398,0.0,0
2025-03-12,76.03289794921875,147.7383575439453,10.1696278498923,0.9616609267965709,0.0,0.0,0.0,-3.210975262212398,0.0,0.0,-3.210975262212398,0.0,0
2025-03-13,74.71258544921875,148.62045288085938,8.469912275922177,0.17597126437765534,0.0,0.0,0.0,-3.210975262212398,0.0,0.0,-3.210975262212398,0.0,0
2025-03-14,78.11763763427734,154.27984619140625,9.440770413045726,0.6486569531115544,0.0,0.0,0.0,-3.210975262212398,0.0,0.0,-3.210975262212398,0.0,0
2025-03-17,77.74039459228516,154.08160400390625,9.148794452944244,0.39852611200818905,0.0,0.0,0.0,-3.210975262212398,0.0,0.0,-3.210975262212398,0.0,0
2025-03-18,76.79730224609375,152.14889526367188,9.036990524736268,0.37373990644182614,0.0,0.0,0.0,-3.210975262212398,0.0,0.0,-3.210975262212398,0.0,0
2025-03-19,77.36316680908203,153.09048461914062,9.197862700924077,0.553895135443847,0.0,0.0,0.0,-3.210975262212398,0.0,0.0,-3.210975262212398,0.0,0
2025-03-20,76.98592376708984,153.01119995117188,8.854721241252093,0.4005128831662827,0.0,0.0,0.0,-3.210975262212398,0.0,0.0,-3.210975262212398,0.0,0
2025-03-21,75.2883529663086,150.77122497558594,8.120598897557826,-0.13548921386004587,0.0,0.0,0.0,-3.210975262212398,0.0,0.0,-3.210975262212398,0.0,0
2025-03-24,77.42271423339844,153.5761260986328,9.048528088961575,0.5891187102536615,0.0,0.0,0.0,-3.210975262212398,0.0,0.0,-3.210975262212398,0.0,0
2025-03-25,77.10504913330078,152.27774047851562,9.289319059150415,0.7039679516939525,0.0,0.0,0.0,-3.210975262212398,0.0,0.0,-3.210975262212398,0.0,0
2025-03-26,75.58617401123047,149.34397888183594,9.032300928604172,0.4063289829415984,0.0,0.0,0.0,-3.210975262212398,0.0,0.0,-3.210975262212398,0.0,0
2025-03-27,74.2658462524414,146.37057495117188,8.990880952499282,0.2778050130338452,0.0,0.0,0.0,-3.210975262212398,0.0,0.0,-3.210975262212398,0.0,0
2025-03-28,72.08185577392578,143.7738037109375,7.9238026145566565,-1.146536180306204,0.0,0.0,0.0,-3.210975262212398,0.0,0.0,-3.210975262212398,0.0,0
2025-03-31,72.17119598388672,143.83326721191406,7.987566637777441,-1.0874511749908273,0.0,0.0,0.0,-3.210975262212398,0.0,0.0,-3.210975262212398,0.0,0
2025-04-01,72.30024719238281,144.36849975585938,7.886405913431759,-1.1789907591949365,0.0,0.0,0.0,-3.210975262212398,0.0,0.0,-3.210975262212398,0.0,0
2025-04-02,73.24334716796875,146.43997192382812,7.938533138928804,-1.0150353653683037,0.0,0.0,0.0,-3.210975262212398,0.0,0.0,-3.210975262212398,0.0,0
2025-04-03,64.74561309814453,134.30848693847656,4.658741509846983,-3.3081472982130116,1.0,0.8162345451745141,-0.3510753118854677,-8.906187380630538,99.99999999999999,0.0,-3.2109752622123935,4.440892098500626e-15,1
2025-04-04,58.66019821166992,125.82439422607422,2.2224682980059214,-3.3543946332944774,1.0,0.8866879437264525,-0.3813784263716655,-9.22612668098381,7.9456813471317025,0.0,-5.199545619200343,-1.9885703569879496,1
2025-04-07,61.74757766723633,131.67208862304688,2.7946624476267914,-2.4368428516214085,1.0,0.8447243473882233,-0.363329223774966,-9.011552460780393,4.967726627979308,0.0,-4.6921879652607075,0.5073576539396356,1
2025-04-08,59.8117561340332,127.81658935546876,2.5171517710779625,-2.130568261824195,1.0,0.8711736241122403,-0.3747054735672901,-9.13945670200813,3.0360511374491903,0.0,-4.926607990401678,-0.23442002514097027,1
2025-04-09,70.5927734375,148.4024200439453,4.443879615583988,-1.1985152215911012,1.0,0.7439203793636088,-0.3199718521435463,-8.278899103333965,17.1057613527796,0.0,-3.2480935114253953,1.6785144789762825,1
2025-04-10,65.9468002319336,137.01429748535156,4.696116982805123,-0.9954200232409801,1.0,0.8007764077248676,-0.34442652391344825,-8.677732574867074,7.100112817109061,0.0,-3.0604489935125727,0.18764451791282255,1
2025-04-11,66.98917388916016,143.65489196777344,2.8822665402262473,-1.5285224811110365,1.0,0.7765337605949614,-0.33399938020533493,-8.551647873669705,3.121905107040303,0.0,-4.512937635071047,-1.4524886415584746,1
2025-04-14,67.36640930175781,143.24851989746094,3.4342889698276977,-1.1844035680263802,1.0,0.7753149034333617,-0.33347513057551686,-8.544635826769234,0.1572080139569295,0.0,-4.084273581879856,0.4286640531911914,1
2025-04-15,67.94218444824219,144.16033935546875,3.617876230494417,-1.0081428876866647,1.0,0.7695396914693139,-0.3309911211036447,-8.51035095870749,0.7504761649163232,0.0,-3.941935642604456,0.14233793927540006,1
2025-04-16,64.66618347167969,136.9647216796875,3.436823556068987,-0.9750515540662524,1.0,0.8092129619399998,-0.3480552185329377,-8.73869059076825,4.902698342297133,0.0,-4.081262861821493,-0.13932721921703717,1
2025-04-17,63.29621887207031,136.2412109375,2.378052302744237,-1.2435335110069934,1.0,0.8203734436905024,-0.35285551721487113,-8.79110838107751,1.3604148008858519,0.0,-4.938034283741345,-0.8567714219198521,1
2025-04-21,61.93619155883789,134.35804748535156,1.8280032000676698,-1.3016978222294369,1.0,0.8352425561630209,-0.35925095628273546,-8.852765873515537,1.780214904377602,0.0,-5.389279960302993,-0.4512456765616477,1
2025-04-22,63.01826477050781,137.07374572753906,1.7420118976842787,-1.2123117721419123,1.0,0.819834498178931,-0.35262370827627276,-8.790198503986026,1.8794107857519249,0.0,-5.461103555513482,-0.07182359521048909,1
2025-04-23,66.24462127685547,142.30694580078125,2.717486768680736,-0.7677150444715849,1.0,0.7846024824714961,-0.33746986435240794,-8.612764212573712,4.490428783306173,0.0,-4.661375604163936,0.7997279513495457,1
2025-04-24,70.3843002319336,148.83851623535156,4.047834581166256,-0.1549818175719201,0.0,0.0,0.0,-3.6175814079372763,105.45221057335195,0.0,-3.6175814079372763,1.04379419622666,1
2025-04-25,70.9005126953125,150.20628356933594,3.9757488082059353,-0.08742536841730847,0.0,0.0,0.0,-3.6175814079372763,0.0,0.0,-3.6175814079372763,0.0,0
2025-04-28,71.04942321777344,149.4530029296875,4.448657177934308,0.2476974222110206,0.0,0.0,0.0,-3.6175814079372763,0.0,0.0,-3.6175814079372763,0.0,0
2025-04-29,70.3843002319336,148.22401428222656,4.312141533283146,0.3118508394036006,0.0,0.0,0.0,-3.6175814079372763,0.0,0.0,-3.6175814079372763,0.0,0
2025-04-30,71.14868927001953,149.3737335205078,4.5820182494555155,0.6923370129086881,0.0,0.0,0.0,-3.6175814079372763,0.0,0.0,-3.6175814079372763,0.0,0
2025-05-01,71.20825958251953,147.63925170898438,5.387616461093344,1.8045654493642203,0.0,0.0,0.0,-3.6175814079372763,0.0,0.0,-3.6175814079372763,0.0,0
2025-05-02,73.97795867919922,153.7248077392578,5.539822223344331,1.7972895889750147,0.0,0.0,0.0,-3.6175814079372763,0.0,0.0,-3.6175814079372763,0.0,0
2025-05-05,73.37239837646484,153.23915100097656,5.143150519933954,1.2978572638027364,0.0,0.0,0.0,-3.6175814079372763,0.0,0.0,-3.6175814079372763,0.0,0
2025-05-06,72.62785339355469,151.6731414794922,5.072170855253731,1.113799667506495,0.0,0.0,0.0,-3.6175814079372763,0.0,0.0,-3.6175814079372763,0.0,0
2025-05-07,74.51403045654297,154.42849731445312,5.773226049983506,1.5400760544503547,0.0,0.0,0.0,-3.6175814079372763,0.0,0.0,-3.6175814079372763,0.0,0
2025-05-08,74.35519409179688,154.6168212890625,5.533388582659285,1.2403496706762522,0.0,0.0,0.0,-3.6175814079372763,0.0,0.0,-3.6175814079372763,0.0,0
2025-05-09,74.81185150146484,154.2302703857422,6.156307613750997,1.5894263646503584,0.0,0.0,0.0,-3.6175814079372763,0.0,0.0,-3.6175814079372763,0.0,0
2025-05-12,81.6517333984375,166.50051879882812,7.718562737875786,2.278940433371088,-1.0,-0.6524594725998106,0.280633078065364,2.9313124120724616,100.00000000000001,0.0,-3.617581407937273,3.552713678800501e-15,1
2025-05-13,84.62991333007812,171.49581909179688,8.548185470261117,2.2910763161941494,-1.0,-0.6313411844493114,0.27154977027993016,2.7018228249419654,3.344988204582231,0.0,-4.158876618366229,-0.5412952104289559,1
2025-05-14,84.35194396972656,172.59597778320312,7.797020558468674,1.6233311834184079,-1.0,-0.6305639870021614,0.2712154854377021,2.6939609286290147,0.12325433471787035,0.0,-3.6846352732384133,0.47424134512781535,1
2025-05-15,84.17326354980469,173.20057678222656,7.358292602697389,1.2437791226090846,-1.0,-0.6302406283524665,0.27107640379816156,2.6908317959753716,0.051307173030113465,0.0,-3.407989224237973,0.27664604900044054,1
2025-05-16,83.81587982177734,164.1019744873047,10.914360782943021,2.5016492265648296,-1.0,-0.6476737660579535,0.27857467043399425,2.9215252106425345,2.691654135012013,0.0,-5.649167868620189,-2.2411786443822166,1
2025-05-19,83.21031951904297,164.4687042236328,10.151064254364954,1.9064833665487528,-1.0,-0.6495577687849348,0.27938500962985197,2.9450182420050584,0.29004390641120115,0.0,-5.154800731337069,0.49436713728312043,1
2025-05-20,83.6769027709961,164.26055908203125,10.707174004476258,1.9282296721516232,-1.0,-0.6479707578736147,0.2787024112836399,2.9243460702592867,0.24492014370030818,0.0,-5.516026139818912,-0.36122540848184315,1
2025-05-21,82.18781280517578,160.7915802001953,10.710146399976693,1.7262010915506436,-1.0,-0.6607341564872263,0.28419214971174594,3.090638169531729,1.9316995327542656,0.0,-5.517952165184035,-0.0019260253651225412,1
2025-05-22,81.95948028564453,159.5491485595703,11.016203264363938,1.6393728867745305,-1.0,-0.6640808344432954,0.28563160852190445,3.1352657279472083,0.503956413510201,0.0,-5.720174389312071,-0.20222222412803603,1
2025-05-23,80.47039031982422,156.5573272705078,10.813942676658996,1.4001658135974782,-1.0,-0.6765526415090338,0.29099592884045133,3.2990532588261443,1.8434348342680964,0.0,-5.585857009453974,0.13431737985809633,1
2025-05-27,83.32945251464844,160.85121154785156,11.826137729213144,1.6075338522917235,-1.0,-0.6556771343931321,0.28201704499534824,3.003773024724673,3.1838089237659997,0.0,-6.270660245981865,-0.6848032365278911,1
2025-05-28,83.38899993896484,160.61265563964844,11.988291800564596,1.5017364277065826,-1.0,-0.6558623036547093,0.28209668920624836,3.0064222360480386,0.028232947761351004,0.0,-6.376980962815757,-0.10632071683389199,1
2025-05-29,83.54784393310547,158.5154266357422,13.049186964916615,1.6999621814915526,-1.0,-0.6590749087412454,0.2834784811671355,3.0557931222347974,0.48744157059047766,0.0,-7.072782109243818,-0.6958011464280602,1
2025-05-30,80.20235443115234,155.80194091796875,10.870810335477842,0.7890179436342999,-1.0,-0.6792775957944851,0.29216797452424914,3.3222562591082743,2.9741429981376872,0.0,-5.637068730992397,1.435713378251421,1
2025-06-02,81.88006591796875,156.31878662109375,12.326218358793469,1.225888655632565,-1.0,-0.6706222924188757,0.28844519245135153,3.195500224663476,1.2906375874250284,0.0,-6.62569479397024,-0.9886260629778434,1
2025-06-03,83.05147552490234,160.76174926757812,11.58663987286647,0.8543871524526288,-1.0,-0.657040447618109,0.2826034274493695,3.006640334138322,2.0671246115826483,0.0,-6.129716974314185,0.4959778196560549,1
2025-06-04,84.15340423583984,160.9506072998047,12.607337774647462,1.1821013635070803,-1.0,-0.6519721228627452,0.28042346128064316,2.930990430951213,0.7773836606861761,0.0,-6.800356780583243,-0.6706398062690582,1
2025-06-05,84.29239654541016,163.19692993164062,11.780151400370755,0.749071131219104,-1.0,-0.6473080053675603,0.2784173510100439,2.8652318267788344,0.7205406787046459,0.0,-6.261054324142918,0.5393024564403248,1
2025-06-06,85.72191619873047,165.7315216064453,12.119503321885347,0.8513880100614555,-1.0,-0.6369197561516153,0.2739492016833671,2.71524438471303,1.6310138154157159,0.0,-6.480719539576185,-0.21966521543326678,1
2025-06-09,87.6577377319336,168.7630615234375,12.751411870587532,1.145416479189517,-1.0,-0.624042936444521,0.26841067905958554,2.521189534313363,2.063450919012067,0.0,-6.883194578325686,-0.4024750387495004,1
2025-06-10,90.3380889892578,172.718994140625,13.7302543084338,1.5948331360811216,-1.0,-0.6074328738494774,0.2612664299703176,2.2546157380736025,2.7344688294166226,0.0,-7.494034287555792,-0.6108397092301061,1
2025-06-11,90.2884521484375,171.7449188232422,14.09958257742393,1.642175960288701,-1.0,-0.6091668320854209,0.2620122326713661,2.283084318937251,0.2846442295630932,0.0,-7.718376419382324,-0.22434213182653195,1
2025-06-12,90.99329376220705,173.94155883789062,13.859614782179904,1.434882895140933,-1.0,-0.6031061419453458,0.25940543454728876,2.18503268989739,1.004912687595259,0.0,-7.572195997750995,0.14618042163132827,1
2025-06-13,88.86885070800781,169.5582275390625,13.620511440605057,1.3604597215072045,-1.0,-0.6180526615914179,0.26583416765760465,2.423268121421629,2.4183246145379313,0.0,-7.427991303887545,0.14420469386345047,1
2025-06-16,92.73057556152344,175.482177734375,14.93425217030655,2.080038203124946,-1.0,-0.5945012697039668,0.25570434369817396,2.0169375648900356,3.9615376934650843,0.0,-8.239952258520603,-0.811960954633058,1
2025-06-17,91.98601531982422,173.03704833984375,15.241380527013618,2.019344669905634,-1.0,-0.6009183093714853,0.25846441335704123,2.12962116707156,1.0678722161470282,0.0,-8.42254045654505,-0.18258819802444748,1
2025-06-18,91.79692840576172,171.79461669921875,15.586682996869612,1.9591132361927428,-1.0,-0.6035422100582819,0.25959299429914856,2.176603060197888,0.4347501538530708,0.0,-8.630039032952709,-0.20749857640765867,1
2025-06-20,90.05533599853516,168.43505859375,15.290089354578456,1.572435593954025,-1.0,-0.6153774085525098,0.26468349926141904,2.3850063356131326,1.923242278598852,0.0,-8.451032250595077,0.17900678235763223,1
2025-06-23,91.1699447631836,170.91995239257812,15.335906225299723,1.4419584387339388,-1.0,-0.6072187240273352,0.26117432076464475,2.2409681397184493,1.3436154391061244,0.0,-8.47922691776752,-0.028194667172442678,1
2025-06-24,95.17063903808594,179.09022521972656,15.822437692540916,1.5953035755772782,-1.0,-0.5807195505813981,0.24977660960767525,1.7602435269785945,4.56316192892197,0.0,-8.774657934504859,-0.2954310167373393,1
2025-06-25,95.55876159667967,181.96275329589844,14.975040759581901,0.9341655618888205,-1.0,-0.5752952032474262,0.2474435125299938,1.66643638123552,0.9428806816661375,0.0,-8.28255796843284,0.49209996607201845,1
2025-06-26,96.37482452392578,182.4100341796875,15.598721145921118,1.2184620990206856,-1.0,-0.5719768575412575,0.24601623986599758,1.606980251517071,0.5801538405650197,0.0,-8.641358303053295,-0.35880033462045446,1
2025-06-27,96.73309326171876,182.10191345214844,16.089517453343035,1.3770236613514073,-1.0,-0.5712392806711586,0.2456989964569305,1.5934027911753057,0.1291187239841615,0.0,-8.922082432665334,-0.2807241296120395,1
2025-06-30,96.87242126464844,181.96275329589844,16.288700427550665,1.4045954124993747,-1.0,-0.5709800664700607,0.2455875043533022,1.5885794940357292,0.04539811743348748,0.0,-9.03586357157365,-0.11378113890831543,1
2025-07-01,96.344970703125,182.6485748291016,15.466267241130382,0.7713984714463367,-1.0,-0.5717389616531943,0.24591391710400248,1.6020764045000206,0.1327345579071967,0.0,-8.566270616124214,0.4695929554494356,1
2025-07-02,98.3552703857422,188.8607635498047,14.80460687806496,0.23079164442438396,0.0,0.0,0.0,-8.187973607178112,102.6770303152487,0.0,-8.187973607178112,0.3782970089461024,1
2025-07-03,98.33536529541016,189.89450073242188,14.340075171596084,-0.1977726352217458,0.0,0.0,0.0,-8.187973607178112,0.0,0.0,-8.187973607178112,0.0,0
2025-07-07,97.66858673095705,189.6261138916016,13.788734007341205,-0.8258855931395525,0.0,0.0,0.0,-8.187973607178112,0.0,0.0,-8.187973607178112,0.0,0
2025-07-08,99.35047149658205,193.8106689453125,13.670775848810905,-1.153520806171967,0.0,0.0,0.0,-8.187973607178112,0.0,0.0,-8.187973607178112,0.0,0
2025-07-09,99.33055877685548,194.20823669433597,13.479862989101079,-1.498052135448834,0.0,0.0,0.0,-8.187973607178112,0.0,0.0,-8.187973607178112,0.0,0
2025-07-10,100.5745620727539,196.83224487304688,13.595239108929675,-1.346390156951427,0.0,0.0,0.0,-8.187973607178112,0.0,0.0,-8.187973607178112,0.0,0
2025-07-11,101.24134063720705,196.7328643798828,14.304762786094813,-0.5656589036959437,0.0,0.0,0.0,-8.187973607178112,0.0,0.0,-8.187973607178112,0.0,0
2025-07-14,99.1414794921875,195.90789794921875,12.559732674204966,-2.19746781087009,1.0,0.5452427531120313,-0.2345174811991948,-16.300320059018734,99.99999999999999,0.0,-8.187973607178108,3.552713678800501e-15,1
2025-07-15,100.58451080322266,198.0846405029297,13.066512787032082,-1.5976895870704306,1.0,0.5382599788254585,-0.23151408018538422,-16.19288873346129,1.2972865457710496,0.0,-7.911655423237832,0.2763181839402762,1
2025-07-16,99.88787841796876,193.6317443847656,14.285141036996478,-0.381916825517105,0.0,0.0,0.0,-7.2557166072158985,98.59412251810627,0.0,-7.2557166072158985,0.6559388160219335,1
2025-07-17,100.3058624267578,191.3555908203125,15.682134482795718,0.9348427723868751,0.0,0.0,0.0,-7.2557166072158985,0.0,0.0,-7.2557166072158985,0.0,0
2025-07-18,100.17648315429688,189.2881774902344,16.441982190428078,1.5428813602035314,0.0,0.0,0.0,-7.2557166072158985,0.0,0.0,-7.2557166072158985,0.0,0
2025-07-21,101.25128936767578,191.445068359375,16.58907572726919,1.5251918924741952,0.0,0.0,0.0,-7.2557166072158985,0.0,0.0,-7.2557166072158985,0.0,0
2025-07-22,97.2207489013672,186.0081329345703,14.897046674437178,0.09451629675767878,0.0,0.0,0.0,-7.2557166072158985,0.0,0.0,-7.2557166072158985,0.0,0
2025-07-23,96.63358306884766,185.87890625,14.365463270837921,-0.30635660068137327,0.0,0.0,0.0,-7.2557166072158985,0.0,0.0,-7.2557166072158985,0.0,0
2025-07-24,97.31031036376952,186.9821929931641,14.56764959007414,-0.11111481974457124,0.0,0.0,0.0,-7.2557166072158985,0.0,0.0,-7.2557166072158985,0.0,0
2025-07-25,96.49425506591795,184.56690979003903,14.790445574420602,0.12217493151019539,0.0,0.0,0.0,-7.2557166072158985,0.0,0.0,-7.2557166072158985,0.0,0
2025-07-28,98.1462860107422,189.11920166015625,14.484464208269472,-0.08314878088531702,0.0,0.0,0.0,-7.2557166072158985,0.0,0.0,-7.2557166072158985,0.0,0
2025-07-29,98.4647445678711,187.2704620361328,15.598094746217043,1.0341067230296073,0.0,0.0,0.0,-7.2557166072158985,0.0,0.0,-7.2557166072158985,0.0,0
2025-07-30,98.614013671875,188.2445373535156,15.328398740410535,0.7819691151560632,0.0,0.0,0.0,-7.2557166072158985,0.0,0.0,-7.2557166072158985,0.0,0
2025-07-31,94.38443756103516,178.970947265625,15.08753953900765,0.5286540858613821,0.0,0.0,0.0,-7.2557166072158985,0.0,0.0,-7.2557166072158985,0.0,0
2025-08-01,95.90708923339844,178.90138244628906,16.64011213396482,1.7681785082757513,0.0,0.0,0.0,-7.2557166072158985,0.0,0.0,-7.2557166072158985,0.0,0
2025-08-04,97.9373016357422,181.7142791748047,17.460453424992053,2.0857956868799077,-1.0,-0.5678737780181032,0.2442514408486094,3.976334370359087,99.99999999999999,0.0,-7.255716607215902,-3.552713678800501e-15,1
2025-08-05,96.2155990600586,178.06643676757812,17.307745225247643,1.71268425956311,-1.0,-0.5786877183638102,0.24890268662352108,4.188573357252239,1.8687005102307066,0.0,-7.168997624892697,0.0867189823232053,1
2025-08-06,95.47915649414062,177.06256103515625,17.00308539621311,1.334980026901584,-1.0,-0.5826264927261957,0.2505968154078221,4.264677429721846,0.6760376350130296,0.0,-6.992694723551601,0.17630290134109572,1
2025-08-07,98.67373657226562,182.0422515869141,18.055822270216282,1.8383662790228168,-1.0,-0.565058038302593,0.24304034692388501,3.9067289228068813,3.109141580637883,0.0,-7.606047116215606,-0.6133523926640052,1
2025-08-08,101.26124572753906,183.7518615722656,19.908001289858845,2.463323737167108,-1.0,-0.5546440578275394,0.23856113017808198,3.675260702347659,1.8775970513131701,0.0,-8.652635759640049,-1.0465886434244425,1
2025-08-11,101.51004028320312,183.26483154296875,20.366275118905563,2.333452057757332,-1.0,-0.5545231385801515,0.2385091209085152,3.6725176547001173,0.021805987699198386,0.0,-8.906814615778679,-0.2541788561386298,1
2025-08-12,104.7742919921875,187.31021118164065,21.890545438057657,2.559663518526162,-1.0,-0.5395508031873291,0.23206928403960994,3.3100490183375406,2.7749630441424955,0.0,-9.752057777199475,-0.8452431614207967,1
2025-08-13,106.2272720336914,188.8806610107422,22.66805031520863,2.366757188861907,-1.0,-0.5334248998110384,0.22943443667726057,3.156982725395158,1.148409715868301,0.0,-10.171561158148343,-0.41950338094886774,1
2025-08-14,106.86419677734376,187.1014862060547,24.07022611708578,2.3526065036559656,-1.0,-0.5337902923519898,0.22959159775434748,3.1666250346956644,0.0684524514939166,0.0,-10.919516644782128,-0.747955486633785,1
2025-08-15,99.0320053100586,160.78163146972656,27.55861801026228,2.6773850281899354,-1.0,-0.5945772896696389,0.25573704108070405,4.9827762423287165,10.22356527465482,0.0,-12.781586373279119,-1.8620697284969907,1
2025-08-18,98.405029296875,162.5409393310547,26.17493602356923,1.9405971264556439,-1.0,-0.5941190190050334,0.255539931662271,4.969718454175421,0.0771344881995032,0.0,-11.958880487866466,0.8227058854126525,1
2025-08-19,99.84806823730467,161.2388458251953,28.1780258542438,2.0500120997627675,-1.0,-0.5910185358006856,0.25420636508585354,4.875163931231701,0.5245999941689422,0.0,-13.148954253045801,-1.190073765179335,1
2025-08-20,98.67373657226562,159.98648071289062,27.542356115480914,1.6739535705681146,-1.0,-0.5970632698072766,0.25680630022603423,5.0556659490881914,1.012410964175062,0.0,-12.773261654789351,0.37569259825644963,1
2025-08-21,97.9373016357422,159.32858276367188,27.08889343132816,1.4111533045139522,-1.0,-0.600719552907084,0.25837892507656907,5.163188361245046,0.6086505894661467,0.0,-12.502515741853522,0.27074591293582984,1
2025-08-22,99.5992660522461,161.97010803222656,27.614696295991692,1.3669772992446492,-1.0,-0.5907890449514223,0.2541076574632023,4.865934734106712,1.680888980681467,0.0,-12.818375803631476,-0.3158600617779541,1
2025-08-25,100.79349517822266,161.47171020507812,29.02329416394764,1.4899767737751235,-1.0,-0.5873887058876494,0.2526451181668838,4.7593613964966766,0.5788907804473978,0.0,-13.650559992761771,-0.8321841891302952,1
2025-08-26,103.13220977783205,163.983642578125,30.281587153719286,1.5572559779118782,-1.0,-0.5758240740363129,0.24767098817195624,4.3823513136265735,2.0083619933207637,0.0,-14.38966708365124,-0.739107090889469,1
2025-08-27,103.1720199584961,163.86402893066406,30.37284504489297,1.425105424274796,-1.0,-0.5758626635714866,0.2476875861377943,4.383612864365434,0.0067011698474147875,0.0,-14.442215574334838,-0.05254849068359846,1
2025-08-28,103.59000396728516,164.74122619628906,30.413532717187806,1.3149306408352548,-1.0,-0.5732373953288522,0.24655841698841843,4.297682026946945,0.4579722579208876,0.0,-14.465646085677065,-0.023430511342226623,1
2025-08-29,99.66893005371094,160.24563598632812,28.426082839011215,0.824364212362911,-1.0,-0.5931440928653778,0.25512060060042324,4.909708712977871,3.3561318027057796,0.0,-13.32636549416447,1.1392805915125948,1
2025-09-02,96.5639190673828,157.06585693359375,26.68874482029426,0.3765935896156056,0.0,0.0,0.0,-12.29587371105207,97.34705393346712,0.0,-12.29587371105207,1.0304917831123994,1
2025-09-03,97.2705078125,155.7500762939453,27.96127150710771,0.5896548353834409,0.0,0.0,0.0,-12.29587371105207,0.0,0.0,-12.29587371105207,0.0,0
2025-09-04,99.93763732910156,157.73370361328125,29.775211724239597,0.9781348019265,0.0,0.0,0.0,-12.29587371105207,0.0,0.0,-12.29587371105207,0.0,0
2025-09-05,102.45548248291016,162.22927856445312,30.359439405695653,1.0926355103644025,0.0,0.0,0.0,-12.29587371105207,0.0,0.0,-12.29587371105207,0.0,0
2025-09-08,104.56529998779295,161.53150939941406,32.769378399785666,1.7245285146543168,0.0,0.0,0.0,-12.29587371105207,0.0,0.0,-12.29587371105207,0.0,0
2025-09-09,105.0628890991211,162.9768829345703,32.64528962741497,1.6234902135056977,0.0,0.0,0.0,-12.29587371105207,0.0,0.0,-12.29587371105207,0.0,0
2025-09-10,106.84429168701172,162.8971405029297,34.46099068897868,2.080785853273336,-1.0,-0.5652626441312542,0.24312835110789738,8.494299947610369,100.0,0.0,-12.295873711052067,3.552713678800501e-15,1
2025-09-11,115.02481842041016,169.6055908203125,39.75610746102858,3.0456020333173908,-1.0,-0.5319860614285069,0.22881556966546066,7.09419481740159,6.255160635861749,0.0,-15.289005418604752,-2.993131707552685,1
2025-09-12,116.39818572998048,167.26312255859375,42.13700720159751,2.848407509928828,-1.0,-0.5309527262439049,0.22837111595499093,7.048257192108879,0.194619056184549,0.0,-16.555610894246172,-1.2666054756414198,1
2025-09-15,118.63737487792967,170.3831024169922,43.03424395566779,2.4244095458862236,-1.0,-0.5210454796216278,0.22410985340686085,6.598934593737436,1.9014168646989256,0.0,-17.03200119490601,-0.4763903006598369,1
2025-09-16,119.89131927490234,172.9847412109375,43.16918260068175,2.0652838970710232,-1.0,-0.5146818759700774,0.22137276741865888,6.30946786795167,1.236414948468166,0.0,-17.102310365916807,-0.07030917101079837,1
2025-09-17,121.314453125,177.56007385253906,42.62439394170869,1.707055832192921,-1.0,-0.5058531439145376,0.21757539094362968,5.912677514198782,1.7453152484570476,0.0,-16.821917516909323,0.28039284900748385,1
2025-09-18,125.71322631835938,189.15284729003903,42.0369330014494,1.4290255047091902,-1.0,-0.4829265190917136,0.2077142891221757,4.8957530260759965,4.747435462012803,0.0,-16.524748553352175,0.29716896355714795,1
2025-09-19,126.31034088134766,189.4917755126953,42.48826920675937,1.3501445809224821,-1.0,-0.4812001524696725,0.20697175169363285,4.818399805279026,0.35876269223540436,0.0,-16.742710775922582,-0.21796222257040654,1
2025-09-22,131.56497192382812,199.87843322753903,43.275435452210544,1.3297061464455482,-1.0,-0.45969438937090984,0.19772178484051608,3.8378635689974656,4.67827400029686,0.0,-17.121495293252664,-0.37878451733008234,1
2025-09-23,131.2962646484375,200.227294921875,42.85667727678394,1.138907171370545,-1.0,-0.45994526959990906,0.1978296923717061,3.8491971728673304,0.05454567001361878,0.0,-16.928994509505863,0.19250078374680157,1
2025-09-24,127.95579528808594,200.7954864501953,39.27181980618266,0.4970642697753053,0.0,0.0,0.0,-15.280156273712908,98.57597207471868,0.0,-15.280156273712908,1.6488382357929545,1
2025-09-25,127.7663345336914,198.9613800048828,39.87123707235949,0.5263928159348742,0.0,0.0,0.0,-15.280156273712908,0.0,0.0,-15.280156273712908,0.0,0
2025-09-26,127.96575927734376,203.26754760742188,38.21851142243929,0.19258926110853158,0.0,0.0,0.0,-15.280156273712908,0.0,0.0,-15.280156273712908,0.0,0
2025-09-29,130.71792602539062,204.29425048828125,40.52907711813869,0.5110121401580457,0.0,0.0,0.0,-15.280156273712908,0.0,0.0,-15.280156273712908,0.0,0
2025-09-30,133.5199432373047,204.08493041992188,43.42112618268335,0.9659592929678451,0.0,0.0,0.0,-15.280156273712908,0.0,0.0,-15.280156273712908,0.0,0
2025-10-01,142.38470458984375,217.0433349609375,46.71227399157799,1.5271999317664162,0.0,0.0,0.0,-15.280156273712908,0.0,0.0,-15.280156273712908,0.0,0
2025-10-02,146.5727996826172,222.87461853027344,48.39224233340693,1.7479905716696293,0.0,0.0,0.0,-15.280156273712908,0.0,0.0,-15.280156273712908,0.0,0
2025-10-03,145.39614868164062,216.83399963378903,49.81375649905057,1.9191267464954158,0.0,0.0,0.0,-15.280156273712908,0.0,0.0,-15.280156273712908,0.0,0
2025-10-06,148.72665405273438,223.193603515625,50.408896245786636,1.873314183747588,0.0,0.0,0.0,-15.280156273712908,0.0,0.0,-15.280156273712908,0.0,0
2025-10-07,139.95164489746094,210.8831024169922,46.928827176325015,1.0253826923897957,0.0,0.0,0.0,-15.280156273712908,0.0,0.0,-15.280156273712908,0.0,0
2025-10-08,142.1354217529297,216.81407165527344,46.561600907235345,0.8782356729340242,0.0,0.0,0.0,-15.280156273712908,0.0,0.0,-15.280156273712908,0.0,0
2025-10-09,140.59979248046875,219.5951385498047,43.829791035528686,0.015439622212509616,0.0,0.0,0.0,-15.280156273712908,0.0,0.0,-15.280156273712908,0.0,0
2025-10-10,130.99713134765625,209.27825927734372,38.66458189452027,-1.4300607745420155,0.0,0.0,0.0,-15.280156273712908,0.0,0.0,-15.280156273712908,0.0,0
2025-10-13,137.41885375976562,218.7777557373047,41.000421514542424,-0.7152466256632382,0.0,0.0,0.0,-15.280156273712908,0.0,0.0,-15.280156273712908,0.0,0
2025-10-14,137.9174346923828,217.4918975830078,42.05207025742207,-0.3972486622993519,0.0,0.0,0.0,-15.280156273712908,0.0,0.0,-15.280156273712908,0.0,0
2025-10-15,144.3690643310547,226.8518524169922,44.47783615141209,0.2666298923682883,0.0,0.0,0.0,-15.280156273712908,0.0,0.0,-15.280156273712908,0.0,0
2025-10-16,141.96591186523438,226.9914093017578,42.01465807514133,-0.43370899229696847,0.0,0.0,0.0,-15.280156273712908,0.0,0.0,-15.280156273712908,0.0,0
2025-10-17,141.10833740234375,224.2701416015625,42.32754363776414,-0.34217615276741803,0.0,0.0,0.0,-15.280156273712908,0.0,0.0,-15.280156273712908,0.0,0
2025-10-20,143.64114379882812,227.4001007080078,43.514105408876645,-0.008314066849083647,0.0,0.0,0.0,-15.280156273712908,0.0,0.0,-15.280156273712908,0.0,0
2025-10-21,144.62832641601562,225.2769012451172,45.41450949902938,0.49287072327800646,0.0,0.0,0.0,-15.280156273712908,0.0,0.0,-15.280156273712908,0.0,0
2025-10-22,140.84909057617188,219.85430908203125,43.96761581027171,0.01816607110834261,0.0,0.0,0.0,-15.280156273712908,0.0,0.0,-15.280156273712908,0.0,0
2025-10-23,147.12123107910156,227.73899841308597,46.84842745756197,0.7823774567030448,0.0,0.0,0.0,-15.280156273712908,0.0,0.0,-15.280156273712908,0.0,0
2025-10-24,151.24948120117188,228.01809692382807,50.85663292177648,1.8043434039328572,0.0,0.0,0.0,-15.280156273712908,0.0,0.0,-15.280156273712908,0.0,0
2025-10-27,156.4546661376953,230.58985900878903,54.955662548639694,2.4508923829516562,-1.0,-0.39118275607402897,0.16825385412172658,7.124578727058509,100.0,0.0,-15.280156273712912,-3.552713678800501e-15,1
2025-10-28,155.17828369140625,226.91165161132807,55.26133493803141,2.100130455321955,-1.0,-0.3956063126155346,0.1701564953437053,7.379287176878256,1.1181713740257215,0.0,-15.399730041450887,-0.11957376773797534,1
2025-10-29,160.21395874023438,234.99571228027344,56.81992838399226,2.0651913307339314,-1.0,-0.38271753321915025,0.16461282866951282,6.61706270520023,3.3677002691705793,0.0,-16.016319447474203,-0.6165894060233157,1
2025-10-30,160.55299377441406,231.8059539794922,58.5309286172761,2.0468066183307485,-1.0,-0.38423649880866395,0.16526615965291025,6.709491166166172,0.39532048470754233,0.0,-16.67114923609398,-0.6548297886197787,1
2025-10-31,157.01307678222656,232.35418701171875,54.75520797782481,1.2695496348562363,-1.0,-0.38917734234735857,0.1673912941459053,6.99148431466577,1.2695609433204547,0.0,-15.220379557111613,1.4507696789823683,1
2025-11-03,160.7823486328125,236.94944763183597,56.54798598244429,1.4510416112990663,-1.0,-0.3806652046319792,0.16373008987452775,6.4904031506713675,2.236121823534865,0.0,-15.918088136368219,-0.6977085792566058,1
2025-11-04,155.3378448486328,229.45350646972656,54.327604353986416,0.9964349924581544,-1.0,-0.3936552136319025,0.1693172969928788,7.226238888605522,3.2998442672906894,0.0,-15.07286610941022,0.8452220269579982,1
2025-11-05,164.58154296875,240.1192626953125,58.98379301921847,1.5420349976913152,-1.0,-0.3733284962971442,0.1605744562615027,5.980160856441945,5.44472697272473,0.0,-16.905799053132583,-1.832932943722362,1
2025-11-06,161.7296600341797,232.7828063964844,59.28743529302376,1.4125567279815572,-1.0,-0.3818933586094354,0.1642583382110235,6.507808747805556,2.242736648649217,0.0,-17.01915736662456,-0.11335831349197889,1
2025-11-07,158.89772033691406,229.3338928222656,57.938927552777315,1.1170952091131081,-1.0,-0.3882924641387252,0.16701069411505243,6.893403534701748,1.6480117747027883,0.0,-16.504171216591025,0.5149861500335362,1
2025-11-10,165.8977813720703,234.32786560058597,62.79100237360163,1.6473976580386318,-1.0,-0.37497298206548396,0.16128177544742084,6.026176293311426,3.5521178085612477,0.0,-18.388195304954365,-1.88402408836334,1
2025-11-11,158.7281951904297,227.93836975097656,58.36963882166228,0.9064786318068212,-1.0,-0.38945652091311833,0.16751137323668294,6.905157910278215,3.7189103455441708,0.0,-16.730303429088018,1.6578918758663477,1
2025-11-12,160.9618377685547,229.9917755126953,59.72007929509236,1.0079530569764612,-1.0,-0.38478570160615827,0.16550238041146373,6.615386077609509,1.2138754863975714,0.0,-17.256241277570368,-0.52593784848235,1
2025-11-13,152.8848419189453,222.5157623291016,54.858634264309046,0.17615082496879558,0.0,0.0,0.0,-15.385626740580639,95.65478950726579,0.0,-15.385626740580639,1.870614536989729,1
2025-11-14,147.8391876220703,225.286865234375,48.6210850366362,-0.9951945657270955,0.0,0.0,0.0,-15.385626740580639,0.0,0.0,-15.385626740580639,0.0,0
2025-11-17,147.0414581298828,227.97824096679688,46.665752524278844,-1.4474505845907986,0.0,0.0,0.0,-15.385626740580639,0.0,0.0,-15.385626740580639,0.0,0
2025-11-18,142.8334503173828,224.39971923828125,43.9969231738457,-1.8957733318052687,0.0,0.0,0.0,-15.385626740580639,0.0,0.0,-15.385626740580639,0.0,0
2025-11-19,148.37765502929688,234.3777008056641,45.24944112554378,-1.7119026511078936,0.0,0.0,0.0,-15.385626740580639,0.0,0.0,-15.385626740580639,0.0,0
2025-11-20,139.1938018798828,219.95567321777344,42.268728805408145,-2.075881581745691,1.0,0.42771563913339333,-0.18396722154775175,-34.45635860950264,100.00000000000001,0.0,-15.38562674058064,-1.7763568394002505e-15,1
2025-11-21,142.24510192871094,223.73095703125,43.69621992565304,-1.6445648583029655,1.0,0.4193306315972434,-0.18036069796538307,-34.070523330489095,1.9996172242917774,0.0,-14.775066463727853,0.6105602768527874,1
2025-11-24,149.95318603515625,230.62237548828125,48.440196597000465,-0.7969268100677275,1.0,0.40136867374835233,-0.1726349774710063,-33.15879453639037,4.4751768196420585,0.0,-12.785771729849145,1.9892947338787081,1
2025-11-25,151.49876403808594,242.15798950195312,45.02412563324211,-1.220083474806926,1.0,0.39115256262321846,-0.1682408674437884,-32.675135177498305,2.611797058574981,0.0,-14.156875602003105,-1.3711038721539595,1
2025-11-26,154.6996612548828,249.65863037109372,44.99887927642753,-1.1060229582699577,1.0,0.38156031385292966,-0.1641150904246448,-32.221253381877986,2.513953475252169,0.0,-14.16675077916802,-0.009875177164914817,1
2025-11-28,155.55722045898438,251.935791015625,44.8769958825425,-1.0171674452543071,1.0,0.37890447017729445,-0.16297277030078466,-32.095909045720376,0.7009269841531578,0.0,-14.213256645192253,-0.046505866024233455,1
2025-12-01,154.35064697265625,254.43267822265625,42.59647194884154,-1.2274613108833303,1.0,0.37909497094373223,-0.16305470767575483,-32.10446541650864,0.05025146230865335,0.0,-15.077357358017856,-0.8641007128256035,1
2025-12-02,157.7410125732422,264.9994812011719,41.441889441991634,-1.254024769456438,1.0,0.36802393679602846,-0.1582928818142082,-31.619990662697084,3.0082375195719164,0.0,-15.515053779904257,-0.43769642188640034,1
2025-12-03,159.55882263183594,268.2953796386719,41.8420817597916,-1.0827013550635975,1.0,0.36369338555142183,-0.1564302436327879,-31.42875022277446,1.1907148759499089,0.0,-15.367773427631988,0.14728035227226854,1
2025-12-04,156.90200805664062,269.1043701171875,38.83730765968238,-1.3575457929000054,1.0,0.36677323657184063,-0.15775493598248885,-31.555504532028134,0.839715309984335,0.0,-16.460589892917934,-1.0928164652859458,1
2025-12-05,158.5100860595703,267.6661682128906,41.06397891511567,-0.9555712174321072,1.0,0.365446969132748,-0.1571844875034632,-31.49796752466322,0.36291652445224903,0.0,-15.64390646978119,0.8166834231367446,1
2025-12-08,162.54525756835938,267.82598876953125,45.03040908956642,-0.30557538817304364,0.0,0.0,0.0,-14.194386584251479,101.49976251010585,0.0,-14.194386584251479,1.4495198855297105,1
2025-12-09,165.611572265625,266.8072509765625,48.534898929639255,0.4099641090961858,0.0,0.0,0.0,-14.194386584251479,0.0,0.0,-14.194386584251479,0.0,0
2025-12-10,168.0586395263672,274.8072509765625,47.541040402949534,0.37818566884547655,0.0,0.0,0.0,-14.194386584251479,0.0,0.0,-14.194386584251479,0.0,0
2025-12-11,168.50811767578125,269.7735290527344,50.15560149917128,1.3479029488088918,0.0,0.0,0.0,-14.194386584251479,0.0,0.0,-14.194386584251479,0.0,0
2025-12-12,160.32791137695312,258.8871154785156,46.65781285036542,0.6147607696446594,0.0,0.0,0.0,-14.194386584251479,0.0,0.0,-14.194386584251479,0.0,0
2025-12-15,164.1033935546875,260.9445495605469,49.54836027949946,1.5609254753698416,0.0,0.0,0.0,-14.194386584251479,0.0,0.0,-14.194386584251479,0.0,0
2025-12-16,163.0646209716797,258.517578125,49.55346627123339,1.4418742947023424,0.0,0.0,0.0,-14.194386584251479,0.0,0.0,-14.194386584251479,0.0,0
2025-12-17,154.79454040527344,247.96075439453125,45.82404158077003,0.21414772572414625,0.0,0.0,0.0,-14.194386584251479,0.0,0.0,-14.194386584251479,0.0,0
2025-12-18,164.50289916992188,253.18423461914065,53.285699369793576,2.1606896522639767,-1.0,-0.3657625487753991,0.15732022326976156,6.143612778414731,100.00000000000001,0.0,-14.194386584251482,-3.552713678800501e-15,1
2025-12-19,172.06385803222656,256.0906066894531,59.596581906522005,2.8508445470499058,-1.0,-0.3543429723703456,0.15240848390304937,5.43656671938924,3.22274668766908,0.0,-16.50267106590742,-2.3082844816559387,1
2025-12-22,175.05026245117188,258.6873779296875,61.46607418489431,2.5218140139535516,-1.0,-0.3492647282330096,0.15022425125217004,5.1126521676018255,1.4539813862761835,0.0,-17.165112516649287,-0.6624414507418663,1
2025-12-23,174.9503936767578,259.9058532714844,60.84212000736291,2.0359422340439273,-1.0,-0.3487480095615642,0.15000200242699205,5.080015803158797,0.14816390553596928,0.0,-16.94718733040392,0.21792518624536683,1
2025-12-24,177.1177978515625,260.4551696777344,62.773254558701964,1.9731852573417683,-1.0,-0.345848840172181,0.1487550240877343,4.891303260248415,0.838276452782051,0.0,-17.620666661378984,-0.6734793309750629,1
2025-12-26,177.85691833496094,261.5737609863281,63.03125133218322,1.739269148242282,-1.0,-0.3443954224759851,0.1481298862838905,4.796322514235671,0.4220200389850546,0.0,-17.70989454625564,-0.08922788487665656,1
2025-12-29,175.65953063964844,262.7223205566406,60.339850106384475,1.2459786354762779,-1.0,-0.34642768598587526,0.14900399477364526,4.923661157672433,0.5866342651300189,0.0,-16.782988284044293,0.9269062622113466,1
2025-12-30,173.57203674316406,259.64617919921875,59.57545297521743,1.0394185274581635,-1.0,-0.35056974830111615,0.15078556090285306,5.180030511606355,1.181523030813013,0.0,-16.518179954719855,0.2648083293244383,1
2025-12-31,170.9751434326172,256.6698913574219,58.25870786287793,0.7873920168877291,-1.0,-0.355400254254604,0.15286323746556552,5.472649942228779,1.3591734658769619,0.0,-16.056568952110275,0.46161100260957966,1
2026-01-02,184.8385467529297,268.5350952148437,67.01870044242301,1.7030873004319564,-1.0,-0.33295630083527894,0.14320974020400598,3.9164450150994154,6.740810539707609,0.0,-19.169872542149044,-3.113303590038768,1
2026-01-05,194.5269317626953,283.9658508300781,70.07007483768615,1.8796042957744021,-1.0,-0.315791026922385,0.13582668599710485,2.6738722175451857,5.435643336728766,0.0,-20.185846873259337,-1.015974331110293,1
2026-01-06,206.71234130859372,295.64129638671875,77.2336916716343,2.343248323186286,-1.0,-0.2995157028351128,0.12882641320326654,1.3791315937400377,5.433880071467215,0.0,-22.448052789730312,-2.2622059164709754,1
2026-01-07,202.83697509765625,291.8360290527344,74.99503077289422,1.8281237512122244,-1.0,-0.3045435709383021,0.13098897832977532,1.7678547318926954,1.6509519763291511,0.0,-21.77753869723469,0.6705140924956225,1
2026-01-08,200.7195281982422,281.2891845703125,77.41394751793008,1.8149935291625454,-1.0,-0.31084240440490707,0.13369820564302287,2.270077271749924,2.026375223375271,0.0,-22.514204240570365,-0.7366655433356755,1
2026-01-09,218.09869384765625,300.8048400878906,86.3991228762101,2.2652683637383824,-1.0,-0.28778669091362535,0.12378158075554874,0.22462503706384895,8.011389761662581,0.0,-25.307177752937847,-2.7929735123674817,1
2026-01-12,220.13624572753903,306.8572998046875,85.83341666647797,1.9014322516798767,-1.0,-0.2839937741658272,0.1221501876246636,-0.10972852509021336,1.335563344280715,0.0,-25.144375034809748,0.16280271812809843,1
2026-01-13,214.1234588623047,304.490234375,80.83874186093743,1.340908697031662,-1.0,-0.28977990078773697,0.12463889166249806,0.3714308448381435,1.9967315214687993,0.0,-23.725918486053317,1.4184565487564313,1
2026-01-14,208.5401306152344,301.51397705078125,76.53554868598431,0.8814677996990129,-1.0,-0.2956602693157903,0.12716813062597077,0.8351227669556507,1.9888937196944108,0.0,-22.478939594744936,1.2469788913083804,1
2026-01-15,217.2097625732422,318.6825256347656,77.82071794956593,0.9064193753303115,-1.0,-0.2822625154527623,0.12140554603085096,-0.23856515569062675,4.746557948559821,0.0,-22.858913085331857,-0.3799734905869201,1
2026-01-16,222.6931915283203,326.6026916503906,79.8975589691558,1.0333045213132865,-1.0,-0.2753530308274339,0.11843366805270636,-0.8066369918023247,2.5093185299487955,0.0,-23.445127455716772,-0.5862143703849156,1
2026-01-20,222.1438446044922,317.8336181640625,83.11992843170168,1.250637635477489,-1.0,-0.27866868061214434,0.11985978115849426,-0.5233524895884472,1.1898178788613902,0.0,-24.332416653674542,-0.8872891979577702,1
2026-01-21,228.1166839599609,324.8348693847656,86.08141955346957,1.4011450463364667,-1.0,-0.2718623041524751,0.11693225162361358,-1.125036843268326,2.503611701845897,0.0,-25.157691477222187,-0.8252748235476446,1
2026-01-22,220.43588256835935,318.3929138183594,81.17140454061024,0.8080348398353888,-1.0,-0.2798128871960949,0.12035192240110235,-0.461241996259109,2.8413927332975035,0.0,-23.82284348240301,1.334847994819178,1
2026-01-23,217.67919921875,321.9784545898437,76.87252372818978,0.28633301626827196,0.0,0.0,0.0,-22.619961230567743,99.66017119755608,0.0,-22.619961230567743,1.2028822518352662,1
2026-01-26,222.6032867431641,319.06207275390625,83.05099293576328,0.8733057569398601,0.0,0.0,0.0,-22.619961230567743,0.0,0.0,-22.619961230567743,0.0,0
2026-01-27,238.17465209960935,332.2955627441406,92.93042617156857,1.751809976634872,0.0,0.0,0.0,-22.619961230567743,0.0,0.0,-22.619961230567743,0.0,0
2026-01-28,239.29330444335935,336.3305358886719,92.31357312224199,1.5482734848193342,0.0,0.0,0.0,-22.619961230567743,0.0,0.0,-22.619961230567743,0.0,0
2026-01-29,247.87301635742188,340.9148254394531,98.92151001976228,2.0689836504153107,-1.0,-0.2534816701493215,0.1090264519322637,3.042571111891032,99.99999999999999,0.0,-22.619961230567746,-3.552713678800501e-15,1
2026-01-30,233.18063354492188,321.91851806640625,92.39973769549977,1.329485283875368,-1.0,-0.269075538642048,0.11573361996006927,4.519597654507637,5.795349726483709,0.0,-20.966811489480065,1.653149741087681,1
2026-02-02,237.21578979492188,327.9909362792969,93.82305139289895,1.4137734879663593,-1.0,-0.26434756407536,0.11370004375896439,4.065041995736125,1.7885447831628816,0.0,-21.349790389264356,-0.3829788997842911,1
2026-02-03,229.82464599609372,318.2730712890625,90.61171412453069,0.9023392734242143,-1.0,-0.27268842828429707,0.11728758060221434,4.840161790392752,3.0587525335842836,0.0,-20.500881204946786,0.84890918431757,1
2026-02-04,209.52896118164065,297.22930908203125,79.36728231542249,-0.7607620500849509,0.0,0.0,0.0,-17.434654767971114,91.9974296509623,0.0,-17.434654767971114,3.066226436975672,1
2026-02-05,213.0547332763672,303.611328125,80.14804767254492,-0.7124316260834218,0.0,0.0,0.0,-17.434654767971114,0.0,0.0,-17.434654767971114,0.0,0
2026-02-06,230.73355102539065,322.1082763671875,89.87103714715136,0.7031544864276887,0.0,0.0,0.0,-17.434654767971114,0.0,0.0,-17.434654767971114,0.0,0
2026-02-09,229.0056304931641,330.1582336425781,84.68070341784772,-0.0997185182264348,0.0,0.0,0.0,-17.434654767971114,0.0,0.0,-17.434654767971114,0.0,0
2026-02-10,226.3388214111328,328.6601257324219,82.65825410336797,-0.3914390960597724,0.0,0.0,0.0,-17.434654767971114,0.0,0.0,-17.434654767971114,0.0,0
2026-02-11,234.8386383056641,339.4566345214844,86.5143228095842,0.17040120988232182,0.0,0.0,0.0,-17.434654767971114,0.0,0.0,-17.434654767971114,0.0,0
2026-02-12,231.01321411132807,327.98095703125,87.62476794079811,0.27273636929464645,0.0,0.0,0.0,-17.434654767971114,0.0,0.0,-17.434654767971114,0.0,0
2026-02-13,235.2481384277344,354.4679260253906,80.46723042684846,-0.9716086891989317,0.0,0.0,0.0,-17.434654767971114,0.0,0.0,-17.434654767971114,0.0,0
2026-02-17,235.29808044433597,358.68267822265625,78.7043412530492,-1.2491970919822561,0.0,0.0,0.0,-17.434654767971114,0.0,0.0,-17.434654767971114,0.0,0
2026-02-18,239.8026885986328,368.8399963378906,78.84012717811362,-1.15494483429798,0.0,0.0,0.0,-17.434654767971114,0.0,0.0,-17.434654767971114,0.0,0
2026-02-19,237.10592651367188,369.8299865722656,75.71755472730686,-1.4886988530005327,0.0,0.0,0.0,-17.434654767971114,0.0,0.0,-17.434654767971114,0.0,0
2026-02-20,244.6269073486328,375.3800048828125,80.85138542158279,-0.6903601299290089,0.0,0.0,0.0,-17.434654767971114,0.0,0.0,-17.434654767971114,0.0,0
2026-02-23,241.98008728027344,373.5499877929688,78.99168447770896,-1.0134055501279766,0.0,0.0,0.0,-17.434654767971114,0.0,0.0,-17.434654767971114,0.0,0
2026-02-24,243.9577178955078,377.9299926757813,79.08540612414993,-0.9477529649620782,0.0,0.0,0.0,-17.434654767971114,0.0,0.0,-17.434654767971114,0.0,0
2026-02-25,249.1814422607422,394.9500122070313,76.98855247592519,-1.151244743015392,0.0,0.0,0.0,-17.434654767971114,0.0,0.0,-17.434654767971114,0.0,0
2026-02-26,238.78392028808597,375.7200012207031,74.86216059020092,-1.3340103785062212,0.0,0.0,0.0,-17.434654767971114,0.0,0.0,-17.434654767971114,0.0,0
2026-02-27,233.610107421875,372.2999877929688,71.15934927359675,-1.8239744952225028,0.0,0.0,0.0,-17.434654767971114,0.0,0.0,-17.434654767971114,0.0,0
2026-03-02,230.72357177734372,372.1799926757813,68.3244254157025,-2.0155493243563614,1.0,0.2558827190352857,-0.11005918081083856,-35.511004551810345,100.0,0.0,-17.43465476797111,3.552713678800501e-15,1
2026-03-03,217.00999450683597,351.32000732421875,63.58305583540019,-2.395631830317849,1.0,0.27165183747001787,-0.11684172659423078,-36.55021682241101,5.804900339197079,0.0,-18.64788930813006,-1.2132345401589504,1
2026-03-04,222.9900054931641,357.760009765625,66.7931205127584,-1.724043431215277,1.0,0.26534474679943987,-0.1141289477277229,-36.114322432906775,2.3769419770519113,0.0,-17.775869340128096,0.8720199680019647,1
2026-03-05,214.67999267578125,346.5299987792969,63.31331199487559,-1.9123104276833185,1.0,0.2749307221527046,-0.11825202645156482,-36.743469086395976,3.4866875837689744,0.0,-18.699218250216248,-0.9233489100881513,1
2026-03-06,199.3300018310547,324.739990234375,57.33554643897193,-2.2171737839932204,1.0,0.2949802233198742,-0.12687563215047234,-37.9395065603113,6.796896734811986,0.0,-20.342689651360395,-1.6434714011441471,1
2026-03-09,211.1499938964844,338.94000244140625,63.047889981273954,-1.4144956884156394,1.0,0.2801642964436398,-0.12050306904382979,-36.97104024574709,5.288299424411095,0.0,-18.65766127757231,1.6850283737880858,1
2026-03-10,215.22999572753903,345.8800048828125,64.14288764164417,-1.1620251547745812,1.0,0.27472646401362255,-0.11816417181430729,-36.60963338023504,1.9793624358473318,0.0,-18.350882028447245,0.30677924912506427,1
2026-03-11,218.8699951171875,351.07000732421875,65.55058537660898,-0.900196343850032,1.0,0.27036473330281624,-0.11628812285422639,-36.31360592301457,1.6132765015328567,0.0,-17.964150207320394,0.3867318211268511,1
2026-03-12,209.4900054931641,337.2699890136719,62.10620061155973,-1.2043946632108595,1.0,0.28204358451087924,-0.12131138039040193,-37.066014512706765,4.140796617769732,0.0,-18.89539037571521,-0.9312401683948153,1
2026-03-13,212.1999969482422,341.5299987792969,62.98389488448146,-1.025144151699181,1.0,0.27847596386045664,-0.11977689065342521,-36.8330396995711,1.2811233691286623,0.0,-18.64784233687569,0.24754803883951837,1
2026-03-16,219.3999938964844,346.17999267578125,68.18385634399692,-0.2584973101723321,0.0,0.0,0.0,-17.199778057399897,102.56198790043238,0.0,-17.199778057399897,1.448064279475794,1
2026-03-17,226.47000122070312,352.4599914550781,72.55273745012519,0.41147915237442645,0.0,0.0,0.0,-17.199778057399897,0.0,0.0,-17.199778057399897,0.0,0
2026-03-18,224.7100067138672,349.4700012207031,72.07878475599307,0.40937606353666384,0.0,0.0,0.0,-17.199778057399897,0.0,0.0,-17.199778057399897,0.0,0
2026-03-19,233.9900054931641,357.2099914550781,78.02969203629848,1.2704622413042301,0.0,0.0,0.0,-17.199778057399897,0.0,0.0,-17.199778057399897,0.0,0
2026-03-20,228.3600006103516,357.0599975585937,72.46420188678232,0.5426874811384661,0.0,0.0,0.0,-17.199778057399897,0.0,0.0,-17.199778057399897,0.0,0
2026-03-23,233.30999755859372,361.7900085449219,75.37974673781284,1.0809513344358481,0.0,0.0,0.0,-17.199778057399897,0.0,0.0,-17.199778057399897,0.0,0
2026-03-24,238.83999633789065,373.989990234375,75.66234156693022,1.2068564113567108,0.0,0.0,0.0,-17.199778057399897,0.0,0.0,-17.199778057399897,0.0,0
2026-03-25,233.4499969482422,369.3399963378906,72.27237766600851,0.6882324335938634,0.0,0.0,0.0,-17.199778057399897,0.0,0.0,-17.199778057399897,0.0,0
2026-03-26,211.6199951171875,338.54998779296875,63.685642634637645,-0.7886753219784091,0.0,0.0,0.0,-17.199778057399897,0.0,0.0,-17.199778057399897,0.0,0
2026-03-27,211.41000366210935,337.1700134277344,64.06919985197572,-0.6504902059902323,0.0,0.0,0.0,-17.199778057399897,0.0,0.0,-17.199778057399897,0.0,0
2026-03-30,199.92999267578125,323.1199951171875,58.632322655479044,-1.476591455299516,0.0,0.0,0.0,-17.199778057399897,0.0,0.0,-17.199778057399897,0.0,0
